company,ticker,cik,filing_date,event_type,person_name,title,effective_date
Apple Inc.,AAPL,0000320193,2026-04-20,both,Tim Cook,Executive Chair of Apple’s Board of Directors,"September 1, 2026"
Apple Inc.,AAPL,0000320193,2026-04-20,appointment,John Ternus,Chief Executive Officer,"September 1, 2026"
Apple Inc.,AAPL,0000320193,2026-04-20,appointment,Art Levinson,Lead Independent Director,"September 1, 2026"
Apple Inc.,AAPL,0000320193,2026-01-02,appointment,Ben Borders,Principal Accounting Officer,"January 1, 2026"
Apple Inc.,AAPL,0000320193,2025-12-05,departure,Kate Adams,NOT_FOUND,NOT_FOUND
Apple Inc.,AAPL,0000320193,2025-12-05,appointment,Jennifer Newstead,General Counsel,"March 1, 2026"
Microsoft Corporation,MSFT,0000789019,2026-06-05,departure,Reid Hoffman,Director,NOT_FOUND
Microsoft Corporation,MSFT,0000789019,2026-05-14,appointment,Carmine Di Sibio,Director,"May 13, 2026"
NVIDIA Corporation,NVDA,0001045810,2026-07-02,departure,Ajay K. Puri,"Executive Vice President, Worldwide Field Operations",NOT_FOUND
NVIDIA Corporation,NVDA,0001045810,2026-07-02,appointment,Nicholas Parker,"Executive Vice President, Worldwide Field Operations",NOT_FOUND
NVIDIA Corporation,NVDA,0001045810,2026-05-08,appointment,Suzanne Nora Johnson,Director,"July 13, 2026"
NVIDIA Corporation,NVDA,0001045810,2026-04-27,departure,Donald Robertson,Vice President,"May 4, 2026"
NVIDIA Corporation,NVDA,0001045810,2026-04-27,appointment,Scott Gawel,NOT_FOUND,NOT_FOUND
NVIDIA Corporation,NVDA,0001045810,2026-01-23,departure,Persis Drell,Director,"January 20, 2026"
JPMorgan Chase & Co.,JPM,0000019617,2026-06-25,departure,Marianne Lake,CEO of CCB,NOT_FOUND
JPMorgan Chase & Co.,JPM,0000019617,2026-06-25,appointment,Doug Petno,Co-President,"June 25, 2026"
JPMorgan Chase & Co.,JPM,0000019617,2026-06-25,appointment,Troy Rohrbaugh,Co-President,"June 25, 2026"
JPMorgan Chase & Co.,JPM,0000019617,2025-12-08,departure,Todd A. Combs,Director,"December 7, 2025"
Walmart Inc.,WMT,0000104169,2026-01-16,departure,Kathryn McLay,"Executive Vice President, President and Chief Executive Officer, Walmart International","January 31, 2026"
Walmart Inc.,WMT,0000104169,2026-01-16,appointment,David Guggina,"Executive Vice President, President and Chief Executive Officer, Walmart U.S.","February 1, 2026"
Walmart Inc.,WMT,0000104169,2026-01-16,appointment,John Furner,President and Chief Executive Officer,"February 1, 2026"
Walmart Inc.,WMT,0000104169,2026-01-16,appointment,Christopher Nicholas,"Executive Vice President, President and Chief Executive Officer, Walmart International","February 1, 2026"
Walmart Inc.,WMT,0000104169,2026-01-16,appointment,Latriece Watkins,"Executive Vice President, President and Chief Executive Officer, Sam’s Club U.S.","February 1, 2026"
Walmart Inc.,WMT,0000104169,2026-01-08,appointment,Shishir Mehrotra,Director,"January 8, 2026"
Walmart Inc.,WMT,0000104169,2025-11-14,both,Douglas McMillon,Director,"January 31, 2026"
Walmart Inc.,WMT,0000104169,2025-11-14,appointment,John R. Furner,President and Chief Executive Officer,"February 1, 2026"
Walmart Inc.,WMT,0000104169,2025-10-22,appointment,Dwayne Milum,Senior Vice President and Controller,"February 1, 2026"
